type,name,fullname,category,nomad_cycles,measured_cycles,measured_by,notes
1,Keyboard,Keyboard,In/Out,0.0,0.0,Clavia editor menu,exact (unique integer cost at 1/3148)
2,AudioIn,Audio In,In/Out,2.2,2.1919,Clavia editor menu,"midpoint, 2 sig figs from Clavia display"
3,4Output,4 Output,In/Out,2.0625,2.0013,Clavia editor menu,"midpoint, 2 sig figs from Clavia display"
4,2Output,2 Output,In/Out,1.40625,1.3977,Clavia editor menu,"midpoint, 2 sig figs from Clavia display"
5,1Output,1 Output,In/Out,1.28125,1.3024,Clavia editor menu,"midpoint, 2 sig figs from Clavia display"
7,OscA,Multiple Oscillator A,Oscillator,10.8125,11.007,Clavia editor menu,"midpoint, 2 sig figs from Clavia display"
8,OscB,Multiple Oscillator B,Oscillator,8.28125,8.291,Clavia editor menu,"midpoint, 2 sig figs from Clavia display"
9,OscC,Sine Oscillator,Oscillator,4.96875,4.9873,Clavia editor menu,"midpoint, 2 sig figs from Clavia display"
10,OscSlvB,Square/Pulse Slave Oscillator,Oscillator,7.125,7.0997,Clavia editor menu,"midpoint, 2 sig figs from Clavia display"
11,OscSlvC,Sawtooth Slave Oscillator,Oscillator,6.0,6.0038,Clavia editor menu,"midpoint, 2 sig figs from Clavia display"
12,OscSlvD,Triangle Slave Oscillator,Oscillator,5.875,5.8132,Clavia editor menu,"midpoint, 2 sig figs from Clavia display"
13,OscSlvE,Sine Slave Oscillator,Oscillator,3.0625,3.0019,Clavia editor menu,"midpoint, 2 sig figs from Clavia display"
14,OscSlvA,Multiple Slave Oscillator,Oscillator,7.625,7.5921,Clavia editor menu,"midpoint, 2 sig figs from Clavia display"
15,NoteSeqA,Note Sequencer A,Seqencer,1.4375,1.3977,Clavia editor menu,"midpoint, 2 sig figs from Clavia display"
16,PortamentoB,Portamento (Interruptable),Control,0.53125,0.5083,Clavia editor menu,exact (unique integer cost at 1/3148)
17,EventSeq,Event Sequencer,Seqencer,1.65625,1.6995,Clavia editor menu,"midpoint, 2 sig figs from Clavia display"
18,X-Fade,Crossfader,Mixer,1.65625,1.6995,Clavia editor menu,"midpoint, 2 sig figs from Clavia display"
19,Mixer (3),3 Inputs Mixer,Mixer,0.90625,0.8895,Clavia editor menu,exact (unique integer cost at 1/3148)
20,ADSR,ADSR Envelope,Envelope,1.625,1.5883,Clavia editor menu,"midpoint, 2 sig figs from Clavia display"
21,Compressor,Stereo Compressor/Limiter,Audio,8.28125,8.291,Clavia editor menu,"midpoint, 2 sig figs from Clavia display"
22,PartialGen,Partial Generator,Control,0.59375,0.5718,Clavia editor menu,exact (unique integer cost at 1/3148)
23,Mod-Env,Modulated Envelope,Envelope,3.34375,3.3037,Clavia editor menu,"midpoint, 2 sig figs from Clavia display"
24,LFOA,Multiple LFO (phase),LFO,1.78125,1.8107,Clavia editor menu,"midpoint, 2 sig figs from Clavia display"
25,LFOB,Square/Pulse LFO,LFO,1.1875,1.2071,Clavia editor menu,"midpoint, 2 sig figs from Clavia display"
26,LFOC,Multiple LFO,LFO,1.46875,1.493,Clavia editor menu,"midpoint, 2 sig figs from Clavia display"
27,LFOSlvB,Sawtooth Slave LFO,LFO,0.375,0.3494,Clavia editor menu,exact (unique integer cost at 1/3148)
28,LFOSlvC,Sine Slave LFO,LFO,0.78125,0.7624,Clavia editor menu,exact (unique integer cost at 1/3148)
29,LFOSlvD,Square/Pulse Slave LFO,LFO,0.375,0.3494,Clavia editor menu,exact (unique integer cost at 1/3148)
30,LFOSlvE,Triangle Slave LFO,LFO,0.34375,0.3177,Clavia editor menu,exact (unique integer cost at 1/3148)
31,Noise,Noise Generator,Oscillator,1.65625,1.6995,Clavia editor menu,"midpoint, 2 sig figs from Clavia display"
32,FilterBank,14 Band Filter Bank,Filter,17.9375,17.9956,Clavia editor menu,"midpoint, 2 sig figs from Clavia display"
33,ClkRndGen,Clocked Random Step Generator,LFO,0.625,0.6036,Clavia editor menu,exact (unique integer cost at 1/3148)
34,RndStepGen,Random Step Generator,LFO,0.625,0.6036,Clavia editor menu,exact (unique integer cost at 1/3148)
35,RndPulsGen,Random Pulse Generator,LFO,0.34375,0.3177,Clavia editor menu,exact (unique integer cost at 1/3148)
36,PosEdgeDelay,Positive Edge delay,Logic,0.28125,0.2541,Clavia editor menu,exact (unique integer cost at 1/3148)
37,LogicDelay,Logic Delay,Logic,0.625,0.6036,Clavia editor menu,exact (unique integer cost at 1/3148)
38,Pulse,Pulse,Logic,0.34375,0.3177,Clavia editor menu,exact (unique integer cost at 1/3148)
39,Smooth,Control Signal Smoother,Control,0.25,0.2224,Clavia editor menu,exact (unique integer cost at 1/3148)
40,Mixer (8),8 Inputs Mixer,Mixer,2.1875,2.1919,Clavia editor menu,"midpoint, 2 sig figs from Clavia display"
43,Constant,Constant,Control,0.0,0.0,Clavia editor menu,exact (unique integer cost at 1/3148)
44,GainControl,Gain Control,Mixer,0.78125,0.7624,Clavia editor menu,exact (unique integer cost at 1/3148)
45,VocalFilter,Vocal Filter,Filter,7.59375,7.5921,Clavia editor menu,"midpoint, 2 sig figs from Clavia display"
46,AHD,ADH Envelope,Envelope,2.46875,2.3983,Clavia editor menu,"midpoint, 2 sig figs from Clavia display"
47,Pan,Stereo Panorama,Mixer,1.65625,1.6995,Clavia editor menu,"midpoint, 2 sig figs from Clavia display"
48,PortamentoA,Portamento,Control,0.46875,0.4447,Clavia editor menu,exact (unique integer cost at 1/3148)
49,FilterD,12dB Dynamic Multimode Filter,Filter,4.03125,4.0025,Clavia editor menu,"midpoint, 2 sig figs from Clavia display"
50,FilterC,12dB Static Multimode Filter,Filter,1.78125,1.8107,Clavia editor menu,"midpoint, 2 sig figs from Clavia display"
51,FilterE,12/24dB Dynamic Multimode Filter,Filter,6.625,6.6074,Clavia editor menu,"midpoint, 2 sig figs from Clavia display"
52,Multi-Env,Multiple Envelope,Envelope,1.96875,1.906,Clavia editor menu,"midpoint, 2 sig figs from Clavia display"
53,Sample&amp;Hold,Sample and Hold,Audio,1.03125,1.0006,Clavia editor menu,"midpoint, 2 sig figs from Clavia display"
54,Quantizer,Quantizer,Audio,0.53125,0.5083,Clavia editor menu,exact (unique integer cost at 1/3148)
57,InvLevShift,Inversable Level Shifter,Audio,0.53125,0.5083,Clavia editor menu,exact (unique integer cost at 1/3148)
58,DrumSynth,Drum Synthesizer,Oscillator,12.21875,12.0076,Clavia editor menu,"midpoint, 2 sig figs from Clavia display"
59,CompareLev,Constant Comparator,Logic,0.1875,0.1588,Clavia editor menu,exact (unique integer cost at 1/3148)
61,Clip,Clip,Audio,1.53125,1.493,Clavia editor menu,"midpoint, 2 sig figs from Clavia display"
62,Overdrive,Overdrive,Audio,4.0,4.0025,Clavia editor menu,"midpoint, 2 sig figs from Clavia display"
63,KeyboardPatch,Keyboard Patch,In/Out,0.0,0.0,Clavia editor menu,exact (unique integer cost at 1/3148)
64,NegEdgeDelay,Negative Edge Delay,Logic,0.28125,0.2541,Clavia editor menu,exact (unique integer cost at 1/3148)
65,MIDIGlobal,MIDI Global,In/Out,0.13,0.1271,Clavia editor menu,exact (unique integer cost at 1/3148)
66,ControlMixer,Control Signal Mixer,Control,0.1875,0.1588,Clavia editor menu,exact (unique integer cost at 1/3148)
67,NoteDetect,Note Detector,In/Out,0.0,0.0,Clavia editor menu,exact (unique integer cost at 1/3148)
68,ClkGen,Clock Generator,LFO,1.0,0.9848,Clavia editor menu,exact (unique integer cost at 1/3148)
69,ClkDiv,Clock Divider,Logic,0.625,0.6036,Clavia editor menu,exact (unique integer cost at 1/3148)
70,LogicInv,Logic Inverter,Logic,0.1875,0.1588,Clavia editor menu,exact (unique integer cost at 1/3148)
71,EnvFollower,Envelope Follower,Envelope,2.3125,2.2872,Clavia editor menu,"midpoint, 2 sig figs from Clavia display"
72,NoteScaler,Note Scaler,Control,0.15625,0.1271,Clavia editor menu,exact (unique integer cost at 1/3148)
73,LogicProc,Logic Processor,Logic,0.28125,0.2541,Clavia editor menu,exact (unique integer cost at 1/3148)
74,WaveWrap,Wave Wrapper,Audio,2.6875,2.7001,Clavia editor menu,"midpoint, 2 sig figs from Clavia display"
75,NoteQuant,Note Quantizer,Control,0.4375,0.413,Clavia editor menu,exact (unique integer cost at 1/3148)
76,OnOff,On/Off Switch,Mixer,0.40625,0.3812,Clavia editor menu,exact (unique integer cost at 1/3148)
77,ClkDivFix,Fixed Clock Divider,Logic,0.84375,0.8259,Clavia editor menu,exact (unique integer cost at 1/3148)
78,Delay,Delay,Audio,8.0,8.0051,Clavia editor menu,"midpoint, 2 sig figs from Clavia display"
79,4-1Switch,4 to 1 Switch,Mixer,1.03125,1.0006,Clavia editor menu,"midpoint, 2 sig figs from Clavia display"
80,LFOSlvA,Multiple Slave LFO,LFO,1.21875,1.2071,Clavia editor menu,"midpoint, 2 sig figs from Clavia display"
81,Amplifier,Amplifier,Mixer,0.65625,0.6353,Clavia editor menu,exact (unique integer cost at 1/3148)
82,Diode,Diode Processor,Audio,0.65625,0.6353,Clavia editor menu,exact (unique integer cost at 1/3148)
83,Shaper,Signal Shaper,Audio,1.90625,1.906,Clavia editor menu,"midpoint, 2 sig figs from Clavia display"
84,AD-Env,AD Envelope,Envelope,1.4375,1.3977,Clavia editor menu,"midpoint, 2 sig figs from Clavia display"
85,OscSlvFM,FM Slave Oscillator,Oscillator,3.1875,3.2084,Clavia editor menu,"midpoint, 2 sig figs from Clavia display"
86,FilterA,6dB Low Pass Filter,Filter,0.65625,0.6353,Clavia editor menu,exact (unique integer cost at 1/3148)
87,FilterB,6dB High Pass Filter,Filter,1.03125,1.0006,Clavia editor menu,"midpoint, 2 sig figs from Clavia display"
88,1-4Switch,1 to 4 Switch,Mixer,0.90625,0.8895,Clavia editor menu,exact (unique integer cost at 1/3148)
89,CompareAB,Control Signal Comparator,Logic,0.1875,0.1588,Clavia editor menu,exact (unique integer cost at 1/3148)
90,NoteSeqB,Note Sequencer B,Seqencer,1.4375,1.3977,Clavia editor menu,"midpoint, 2 sig figs from Clavia display"
91,CtrlSeq,Control Sequencer,Seqencer,1.4375,1.3977,Clavia editor menu,"midpoint, 2 sig figs from Clavia display"
92,FilterF,12/18/24dB Classic Low Pass Filter,Filter,5.53125,5.4956,Clavia editor menu,"midpoint, 2 sig figs from Clavia display"
94,StereoChorus,Stereo Chorus,Audio,9.125,9.101,Clavia editor menu,"midpoint, 2 sig figs from Clavia display"
95,PercOsc,Percussion Oscillator,Oscillator,4.875,4.892,Clavia editor menu,"midpoint, 2 sig figs from Clavia display"
96,FormantOsc,Formant Oscillator,Oscillator,9.0625,9.101,Clavia editor menu,"midpoint, 2 sig figs from Clavia display"
97,MasterOsc,Master Oscillator,Oscillator,0.78125,0.7624,Clavia editor menu,exact (unique integer cost at 1/3148)
98,KeyQuant,Key Quantizer,Control,1.34375,1.3024,Clavia editor menu,"midpoint, 2 sig figs from Clavia display"
99,PatternGen,Clocked Pattern Generator,LFO,2.34375,2.2872,Clavia editor menu,"midpoint, 2 sig figs from Clavia display"
100,KeybSplit,Keyboard Splitter,In/Out,0.79,0.7942,Clavia editor menu,exact (unique integer cost at 1/3148)
102,Phaser,14 Pole Phaser,Audio,12.5625,12.0076,Clavia editor menu,"midpoint, 2 sig figs from Clavia display"
103,EqMid,Center Frequency Equalizer,Filter,3.34375,3.3037,Clavia editor menu,"midpoint, 2 sig figs from Clavia display"
104,EqShelving,Hi/Lo Shelving Equalizer,Filter,2.4375,2.3983,Clavia editor menu,"midpoint, 2 sig figs from Clavia display"
105,Expander,Stereo Expander/Gate,Audio,8.28125,8.291,Clavia editor menu,"midpoint, 2 sig figs from Clavia display"
106,OscSineBank,Sine Bank Slave Oscillator,Oscillator,16.78125,16.9949,Clavia editor menu,"midpoint, 2 sig figs from Clavia display"
107,SpectralOsc,Spectral Oscillator,Oscillator,7.90625,7.9098,Clavia editor menu,"midpoint, 2 sig figs from Clavia display"
108,Vocoder,16 Band Vocoder,Filter,48.9375,48.9994,Clavia editor menu,"midpoint, 2 sig figs from Clavia display"
110,RandomGen,Random Generator,LFO,1.4375,1.3977,Clavia editor menu,"midpoint, 2 sig figs from Clavia display"
111,LevMult,Level Multi (Attenuator/Phase Shift),Mixer,0.53125,0.5083,Clavia editor menu,exact (unique integer cost at 1/3148)
112,LevAdd,Level Offset (Bias),Mixer,0.53125,0.5083,Clavia editor menu,exact (unique integer cost at 1/3148)
113,1to2Fade,1 to 2 Fader,Mixer,0.78125,0.7624,Clavia editor menu,exact (unique integer cost at 1/3148)
114,2to1Fade,2 to 1 Fader,Mixer,0.78125,0.7624,Clavia editor menu,exact (unique integer cost at 1/3148)
115,NoteVelScal,Note Velocity Scaler,Control,0.875,0.8577,Clavia editor menu,exact (unique integer cost at 1/3148)
117,RingMod,Ring/Amplitude Modulator,Audio,1.90625,1.906,Clavia editor menu,"midpoint, 2 sig figs from Clavia display"
118,Digitizer,Signal Digitizer,Audio,3.4375,3.399,Clavia editor menu,"midpoint, 2 sig figs from Clavia display"
127,PolyAreaIn,Polyphonic Area In,In/Out,2.2,2.2872,Clavia editor menu,"midpoint, 2 sig figs from Clavia display"
